{
  "RESOLVE:NaFeP2O7:v15": {
    "props": {
      "stability": 0.0,
      "formation_energy": -2.5031523532422737,
      "band_gap": 2.5268,
      "volume_per_atom": 12.612948342712178,
      "natoms": 22.0,
      "u": 0.05
    },
    "source": "MATERIALS_PROJECT"
  },
  "RESOLVE:NaPF6:v15": {
    "props": {
      "formation_energy": -3.035627189771382,
      "volume_per_atom": 14.001926029999971,
      "stability": 0.0,
      "band_gap": 7.2012800422831935,
      "natoms": 8.0,
      "u": 0.07500000000000001
    },
    "source": "MP+OQMD"
  },
  "RESOLVE:C2H4O:v15": {
    "props": {
      "stability": 0.18902546124999997,
      "formation_energy": -0.44953409089285606,
      "band_gap": 5.4072,
      "volume_per_atom": 9.536051923842608,
      "natoms": 56.0,
      "u": 0.05
    },
    "source": "MATERIALS_PROJECT"
  },
  "RESOLVE:NaMnPO4:v15": {
    "props": {
      "stability": 0.0,
      "formation_energy": -2.572038827350458,
      "band_gap": 2.2504,
      "volume_per_atom": 12.339727214082837,
      "natoms": 28.0,
      "u": 0.05
    },
    "source": "MATERIALS_PROJECT"
  },
  "RESOLVE:NaNiPO4:v15": {
    "props": {
      "stability": 0.0,
      "formation_energy": -2.305945144074595,
      "band_gap": 3.5944000000000003,
      "volume_per_atom": 12.30956291502716,
      "natoms": 28.0,
      "u": 0.05
    },
    "source": "MATERIALS_PROJECT"
  },
  "RESOLVE:C4BNaO8:v15": {
    "props": {
      "formation_energy": -1.8002124685805778,
      "volume_per_atom": 12.17434705312181,
      "stability": 0.06787967829834127,
      "band_gap": 3.5421199980128004,
      "natoms": 28.0,
      "u": 0.07500000000000001
    },
    "source": "MP+OQMD"
  },
  "RESOLVE:SiO2:v15": {
    "props": {
      "formation_energy": -3.232822075292726,
      "volume_per_atom": 13.469740288837517,
      "stability": 0.0001541797036690464,
      "band_gap": 5.661599996064001,
      "natoms": 9.0,
      "u": 0.07500000000000001
    },
    "source": "MP+OQMD"
  },
  "RESOLVE:Na4Fe3(PO4)2P2O7:v15": {
    "props": {
      "stability": 0.19565050637820391,
      "formation_energy": -2.260659387272641,
      "band_gap": 0.09770000000000012,
      "volume_per_atom": 12.669387782700072,
      "natoms": 104.0,
      "u": 0.05
    },
    "source": "MATERIALS_PROJECT"
  }
}