{
  "materials": {
    "cathode": {
      "name": "Mn-doped-x0.05",
      "formula": "Fe",
      "properties": {
        "stability": 0.013177996400303546,
        "formation_energy": 0.013177996400303546,
        "band_gap": 0.0,
        "volume_per_atom": 11.012850481794564,
        "uncertainty_formation_energy": 0.04342458707950169,
        "ionic_radius": 0.78,
        "resolved_formula": "Fe"
      }
    },
    "electrolyte": {
      "salt": "NaBOB",
      "properties": {
        "stability": 0.004491031361055524,
        "formation_energy": 0.004491031361055524,
        "band_gap": 1.4970225588254669,
        "volume_per_atom": 7.178840231308957,
        "uncertainty_formation_energy": 0.03187737926230992,
        "ionic_radius": 0.41,
        "resolved_formula": "B"
      }
    }
  },
  "bases": {
    "cathode": {
      "formula": "Fe",
      "properties": {
        "stability": 0.013177996400303546,
        "formation_energy": 0.013177996400303546,
        "band_gap": 0.0,
        "volume_per_atom": 11.012850481794564,
        "uncertainty_formation_energy": 0.04342458707950169,
        "ionic_radius": 0.78,
        "resolved_formula": "Fe"
      },
      "source": "OQMD_SYSTEM"
    },
    "salt": {
      "formula": "NaPF6",
      "properties": {
        "stability": 0.018775389610353146,
        "formation_energy": -3.001088610964427,
        "band_gap": 7.9665436609202835,
        "volume_per_atom": 11.35763915492148,
        "uncertainty_formation_energy": 0.03274469525305594,
        "ionic_radius": 1.14625,
        "resolved_formula": "NaPF6"
      },
      "source": "OQMD"
    },
    "interface": {
      "formula": "C",
      "properties": {
        "stability": 0.007929915474631304,
        "formation_energy": 0.007929915474631304,
        "band_gap": 0.5955858994464968,
        "volume_per_atom": 10.343998492391115,
        "uncertainty_formation_energy": 0.002157271486483405,
        "ionic_radius": 0.3,
        "resolved_formula": "C"
      },
      "source": "OQMD_SYSTEM"
    }
  },
  "design_specs_representative": {
    "Positive electrode thickness [m]": 9e-05,
    "Negative electrode thickness [m]": 9e-05,
    "Positive electrode porosity": 0.35,
    "Negative electrode porosity": 0.35,
    "Positive particle radius [m]": 4.990890667940293e-06,
    "Negative particle radius [m]": 5.050000000000002e-06,
    "Separator porosity": 0.5,
    "carbon_fraction": 0.08499999999999999
  },
  "opt_designs_per_objective": {
    "energy": {
      "Positive electrode thickness [m]": 8.999999999999999e-05,
      "Negative electrode thickness [m]": 8.999999999999999e-05,
      "Positive electrode porosity": 0.37168417694820116,
      "Negative electrode porosity": 0.35567754578146604,
      "Positive particle radius [m]": 5.050000000000001e-06,
      "Negative particle radius [m]": 5.050000000000001e-06,
      "Separator porosity": 0.5055894236913346,
      "carbon_fraction": 0.08499999999999999
    },
    "power": {
      "Positive electrode thickness [m]": 8.999999999999999e-05,
      "Negative electrode thickness [m]": 8.999999999999999e-05,
      "Positive electrode porosity": 0.4124276839856488,
      "Negative electrode porosity": 0.35388028481409156,
      "Positive particle radius [m]": 5.050000000000001e-06,
      "Negative particle radius [m]": 5.050000000000001e-06,
      "Separator porosity": 0.4993265264969466,
      "carbon_fraction": 0.08499999999999999
    },
    "stability": {
      "Positive electrode thickness [m]": 8.999999999999999e-05,
      "Negative electrode thickness [m]": 8.999999999999999e-05,
      "Positive electrode porosity": 0.35,
      "Negative electrode porosity": 0.35,
      "Positive particle radius [m]": 4.990890667940293e-06,
      "Negative particle radius [m]": 5.050000000000001e-06,
      "Separator porosity": 0.5,
      "carbon_fraction": 0.08499999999999999
    }
  },
  "combined_deltas_representative": {
    "thermodynamic": {
      "voltage_boost": -0.0,
      "stability_shift": 0.0
    },
    "kinetic": {
      "exchange_current_log_delta": 0.0
    },
    "transport": {
      "diffusivity_log_delta": 0.0,
      "conductivity_log_delta": 0.0,
      "electrolyte_conductivity_log_delta": -0.6272670072330566,
      "electrolyte_diffusivity_log_delta": 0.0036792848114053445
    },
    "structural": {
      "strain": 0.0
    }
  },
  "sensitivity_matrix": [
    [
      0.19063208328451378,
      0.11109182973756403,
      5.193879663875079,
      5.054913529258798,
      -0.09866554799620186,
      -0.7066592060500643,
      6.236542254431932,
      0.4262638141860897
    ],
    [
      -0.09468937609113982,
      -0.09006293363089665,
      1.5435358635151886,
      1.5452508468882797,
      -0.048038129949467906,
      -0.04728442961177137,
      2.3546863847467847,
      0.014365868370447284
    ],
    [
      -0.7031969748538813,
      -0.06525941792290293,
      -0.6655496508045646,
      -0.3687782047379074,
      3.0276903197901106,
      -0.1958522150147243,
      -0.3029544782862098,
      -0.1371283129714131
    ]
  ],
  "parameter_grouping": {
    "Energy": [
      "Positive electrode porosity",
      "Negative electrode porosity",
      "Separator porosity"
    ],
    "Power": [
      "Positive electrode porosity",
      "Negative electrode porosity",
      "Separator porosity"
    ],
    "Stability": [
      "Positive particle radius [m]"
    ],
    "Coupled": [
      "Positive electrode porosity",
      "Negative electrode porosity",
      "Separator porosity"
    ]
  }
}